9:00 AM,53,1450,1551,1111,772,4505,3015
9:08 AM,54,3181,156,4093,2265,578,3687
9:16 AM,55,3173,191,1591,174,1511,907
9:24 AM,56,4508,48,1765,1518,451,3951
9:32 AM,57,1405,888,1585,1559,3838,4023
9:40 AM,58,1126,4093,1551,639,156,3003
9:48 AM,59,1511,2265,2228,3799,340,3015
9:56 AM,60,451,145,907,1450,174,3687
10:04 AM,61,73,1585,1111,48,191,3157
10:12 AM,62,4023,2340,1518,4071,3173,3181
10:20 AM,63,3951,1507,4203,3838,888,1126
10:28 AM,64,4508,378,578,1405,1155,772
10:36 AM,65,3842,1559,1591,2809,250,4505
10:44 AM,66,1765,1450,4023,176,3157,4093
10:52 AM,67,2340,3015,1511,73,145,888
11:00 AM,68,639,3838,378,578,2228,1111
11:08 AM,69,772,3003,1507,1518,174,250
11:16 AM,70,48,1585,4203,3181,3799,2809
11:24 AM,71,1765,1559,2265,1551,1155,3173
11:32 AM,72,156,3951,4505,4071,340,191
11:40 AM,73,1405,1126,3842,176,451,1591
11:48 AM,74,907,3687,3003,4508,1507,1111
